{
    "1008": [
        "254370"
    ], 
    "10728": [
        "296209"
    ], 
    "10861": [
        "102362", 
        "102364"
    ], 
    "10906": [
        "279879"
    ], 
    "11338": [
        "169924"
    ], 
    "11600": [
        "265108"
    ], 
    "11659": [
        "97150", 
        "97152", 
        "97153", 
        "97154", 
        "97155", 
        "97156", 
        "97157", 
        "97159"
    ], 
    "11845": [
        "11845"
    ], 
    "11847": [
        "11847"
    ], 
    "12127": [
        "80275"
    ], 
    "12246": [
        "265100", 
        "265101", 
        "265102", 
        "265103", 
        "265104"
    ], 
    "12278": [
        "265109"
    ], 
    "13205": [
        "286897"
    ], 
    "13405": [
        "242140", 
        "242141", 
        "242142", 
        "242143", 
        "242144", 
        "242145", 
        "242146", 
        "242147", 
        "242148", 
        "242149"
    ], 
    "13979": [
        "283187", 
        "283188", 
        "283189"
    ], 
    "14140": [
        "94331", 
        "94334"
    ], 
    "14445": [
        "150163", 
        "150164", 
        "150165", 
        "150166", 
        "150167", 
        "150168", 
        "150169"
    ], 
    "14448": [
        "127470"
    ], 
    "14455": [
        "188770", 
        "188771"
    ], 
    "15359": [
        "15359"
    ], 
    "15532": [
        "150161"
    ], 
    "15703": [
        "15703", 
        "15703", 
        "15703", 
        "15703"
    ], 
    "15704": [
        "15704", 
        "15704", 
        "15704", 
        "15704"
    ], 
    "15705": [
        "15705", 
        "15705", 
        "15705", 
        "15705"
    ], 
    "16702": [
        "16702", 
        "16702", 
        "16702"
    ], 
    "16706": [
        "16706"
    ], 
    "16707": [
        "16707"
    ], 
    "17187": [
        "157719"
    ], 
    "17258": [
        "17258", 
        "17258", 
        "17258", 
        "17258"
    ], 
    "17990": [
        "298641", 
        "298642", 
        "298643", 
        "298644"
    ], 
    "18598": [
        "244769", 
        "244769"
    ], 
    "18860": [
        "155636", 
        "155636", 
        "155637", 
        "155638", 
        "155639"
    ], 
    "19199": [
        "256120", 
        "256121"
    ], 
    "19737": [
        "256129"
    ], 
    "20412": [
        "107282", 
        "107283", 
        "107284", 
        "107285", 
        "107286", 
        "107287", 
        "107288", 
        "107289"
    ], 
    "2042": [
        "188774"
    ], 
    "20598": [
        "285157"
    ], 
    "20642": [
        "176060", 
        "176061"
    ], 
    "20701": [
        "298640"
    ], 
    "20766": [
        "105630", 
        "105631", 
        "105632", 
        "105633", 
        "105634", 
        "105635", 
        "105636", 
        "105638", 
        "105639"
    ], 
    "20784": [
        "218090", 
        "218091", 
        "218092", 
        "218093", 
        "218094", 
        "218095", 
        "218096", 
        "218097", 
        "218098", 
        "218099"
    ], 
    "22157": [
        "298647"
    ], 
    "22603": [
        "82464"
    ], 
    "22670": [
        "132667", 
        "132668"
    ], 
    "23344": [
        "123859"
    ], 
    "23619": [
        "66309"
    ], 
    "23797": [
        "250994", 
        "250995"
    ], 
    "23860": [
        "303231", 
        "303232"
    ], 
    "24056": [
        "130188"
    ], 
    "24143": [
        "24143"
    ], 
    "24325": [
        "102366"
    ], 
    "24436": [
        "287140", 
        "287141", 
        "287142", 
        "287143"
    ], 
    "24737": [
        "301219"
    ], 
    "25476": [
        "260880", 
        "260881", 
        "260882", 
        "260884", 
        "260885", 
        "260886", 
        "260886", 
        "260886", 
        "260886", 
        "260887", 
        "260888"
    ], 
    "2560": [
        "65889"
    ], 
    "2675": [
        "256126", 
        "256127", 
        "256128"
    ], 
    "26780": [
        "299815"
    ], 
    "27254": [
        "247460"
    ], 
    "27610": [
        "27610", 
        "27610"
    ], 
    "27611": [
        "27611"
    ], 
    "27614": [
        "27614"
    ], 
    "27618": [
        "27618"
    ], 
    "27818": [
        "160252", 
        "160253"
    ], 
    "27910": [
        "95795", 
        "95798", 
        "95799"
    ], 
    "28325": [
        "250996"
    ], 
    "28404": [
        "28404", 
        "28404", 
        "28404"
    ], 
    "28463": [
        "303230"
    ], 
    "28594": [
        "163505"
    ], 
    "28666": [
        "136850", 
        "136851"
    ], 
    "28761": [
        "174680", 
        "174681", 
        "174682", 
        "174683", 
        "174684", 
        "174685", 
        "174686", 
        "174687", 
        "174688", 
        "174689"
    ], 
    "29020": [
        "161511"
    ], 
    "29365": [
        "81561", 
        "81563", 
        "81564", 
        "81567"
    ], 
    "29445": [
        "192888", 
        "192889"
    ], 
    "29475": [
        "254373", 
        "254374"
    ], 
    "29763": [
        "107890", 
        "107893", 
        "107899"
    ], 
    "29821": [
        "109857"
    ], 
    "299": [
        "285150", 
        "285151", 
        "285154", 
        "285155", 
        "285156"
    ], 
    "30307": [
        "266456", 
        "266457", 
        "266458"
    ], 
    "30898": [
        "89370", 
        "89374", 
        "89375", 
        "89376", 
        "89378"
    ], 
    "31370": [
        "252561", 
        "252568"
    ], 
    "32374": [
        "168080", 
        "168081", 
        "168082", 
        "168083", 
        "168084", 
        "168086", 
        "168087", 
        "168088", 
        "168089"
    ], 
    "332": [
        "169921", 
        "169922", 
        "169923"
    ], 
    "33875": [
        "286808"
    ], 
    "34019": [
        "238235"
    ], 
    "34146": [
        "228052"
    ], 
    "34731": [
        "88020", 
        "88021"
    ], 
    "35237": [
        "247233"
    ], 
    "36177": [
        "228054", 
        "228055", 
        "228056", 
        "228057", 
        "228058", 
        "228059"
    ], 
    "36278": [
        "163502", 
        "163503", 
        "163504"
    ], 
    "36678": [
        "218133"
    ], 
    "36983": [
        "285158", 
        "285159"
    ], 
    "37699": [
        "66308"
    ], 
    "38434": [
        "67304"
    ], 
    "38752": [
        "277909"
    ], 
    "38840": [
        "38840", 
        "38840"
    ], 
    "3885": [
        "3885"
    ], 
    "39036": [
        "233038"
    ], 
    "39361": [
        "39361", 
        "228053"
    ], 
    "39366": [
        "39366", 
        "39366"
    ], 
    "40135": [
        "160254", 
        "160255", 
        "160256"
    ], 
    "40283": [
        "88025"
    ], 
    "40290": [
        "187410", 
        "187411", 
        "187412", 
        "187412", 
        "187413", 
        "187415", 
        "187417", 
        "187418", 
        "187419"
    ], 
    "40687": [
        "65880", 
        "65883", 
        "65884", 
        "65885", 
        "65886", 
        "65887", 
        "65888"
    ], 
    "40764": [
        "263174", 
        "263175", 
        "263176", 
        "263177"
    ], 
    "41330": [
        "299510", 
        "299511", 
        "299512", 
        "299513", 
        "299514", 
        "299516", 
        "299517", 
        "299518", 
        "299519"
    ], 
    "41383": [
        "83512", 
        "83513", 
        "83514", 
        "83517"
    ], 
    "41574": [
        "163506", 
        "163507", 
        "163508", 
        "163509"
    ], 
    "41676": [
        "259472", 
        "259473", 
        "259474"
    ], 
    "418": [
        "80272"
    ], 
    "41827": [
        "273737"
    ], 
    "42069": [
        "301212"
    ], 
    "42084": [
        "42084"
    ], 
    "42085": [
        "42085", 
        "42085", 
        "42085", 
        "42085"
    ], 
    "42293": [
        "285420"
    ], 
    "42792": [
        "269733"
    ], 
    "42908": [
        "287147", 
        "287148", 
        "287149"
    ], 
    "43288": [
        "66303"
    ], 
    "43691": [
        "266450", 
        "266451", 
        "266452", 
        "266454", 
        "266455"
    ], 
    "43709": [
        "134734", 
        "134735", 
        "134736", 
        "134737"
    ], 
    "44312": [
        "176611"
    ], 
    "44895": [
        "254376"
    ], 
    "44970": [
        "184374"
    ], 
    "45015": [
        "282383"
    ], 
    "45894": [
        "89580", 
        "89582"
    ], 
    "46113": [
        "136858", 
        "136859"
    ], 
    "46366": [
        "301210"
    ], 
    "46503": [
        "286891"
    ], 
    "46887": [
        "212050", 
        "212055", 
        "212056", 
        "212058"
    ], 
    "47124": [
        "136856", 
        "136857"
    ], 
    "47422": [
        "235960", 
        "235961", 
        "235962", 
        "235963", 
        "235964", 
        "235965", 
        "235966", 
        "235967", 
        "235968", 
        "235969"
    ], 
    "4769": [
        "298648", 
        "298649"
    ], 
    "47911": [
        "234567"
    ], 
    "48151": [
        "88026", 
        "88027", 
        "88028", 
        "88029"
    ], 
    "48407": [
        "286234", 
        "286235"
    ], 
    "4842": [
        "250384", 
        "250385"
    ], 
    "4844": [
        "98847"
    ], 
    "48623": [
        "48623", 
        "48623"
    ], 
    "49298": [
        "107280", 
        "107281"
    ], 
    "49327": [
        "79231", 
        "79232", 
        "79234", 
        "79236", 
        "79237"
    ], 
    "49370": [
        "250990", 
        "250991", 
        "250992", 
        "250993"
    ], 
    "49467": [
        "205396", 
        "205397"
    ], 
    "49569": [
        "49569"
    ], 
    "49620": [
        "250997", 
        "250998", 
        "250999"
    ], 
    "49755": [
        "265105", 
        "265106", 
        "265107"
    ], 
    "49978": [
        "300925", 
        "300929"
    ], 
    "50054": [
        "233039"
    ], 
    "50216": [
        "168940"
    ], 
    "50238": [
        "257654", 
        "257655", 
        "257656", 
        "257657", 
        "257658", 
        "257659"
    ], 
    "51117": [
        "256905"
    ], 
    "51762": [
        "127471", 
        "127472", 
        "127473", 
        "127476", 
        "127477"
    ], 
    "5179": [
        "132660", 
        "132661", 
        "132662", 
        "132664"
    ], 
    "51952": [
        "247467", 
        "247469"
    ], 
    "51972": [
        "256122", 
        "256123", 
        "256124"
    ], 
    "52462": [
        "52462"
    ], 
    "52469": [
        "52469"
    ], 
    "5248": [
        "82448", 
        "82449"
    ], 
    "52691": [
        "150162"
    ], 
    "52698": [
        "98883"
    ], 
    "52811": [
        "52811"
    ], 
    "52814": [
        "52814"
    ], 
    "52815": [
        "52815", 
        "52815"
    ], 
    "53263": [
        "53263"
    ], 
    "53597": [
        "174614", 
        "174614", 
        "174614", 
        "174615", 
        "174619"
    ], 
    "53636": [
        "268464", 
        "268465"
    ], 
    "53734": [
        "53734", 
        "53734"
    ], 
    "53735": [
        "53735"
    ], 
    "54284": [
        "176067", 
        "176068", 
        "176069"
    ], 
    "54516": [
        "102367", 
        "102368", 
        "102369"
    ], 
    "54541": [
        "54541", 
        "54541"
    ], 
    "54547": [
        "54547"
    ], 
    "54626": [
        "176064", 
        "176065", 
        "176066"
    ], 
    "54925": [
        "290483", 
        "290484", 
        "290485", 
        "290486", 
        "290487", 
        "290488", 
        "290489"
    ], 
    "54975": [
        "290480", 
        "290481", 
        "290482"
    ], 
    "5542": [
        "301213", 
        "301214"
    ], 
    "55987": [
        "303233", 
        "303234", 
        "303235", 
        "303238"
    ], 
    "56300": [
        "160257", 
        "160258", 
        "160259"
    ], 
    "56443": [
        "254372"
    ], 
    "56467": [
        "193327"
    ], 
    "56874": [
        "183418", 
        "183419"
    ], 
    "56910": [
        "91171"
    ], 
    "57052": [
        "188776"
    ], 
    "57535": [
        "301217", 
        "301218"
    ], 
    "57591": [
        "92880", 
        "92886", 
        "92888"
    ], 
    "57703": [
        "260290", 
        "260293", 
        "260294", 
        "260295", 
        "260296", 
        "260297", 
        "260297", 
        "260299"
    ], 
    "57996": [
        "160250", 
        "160251"
    ], 
    "58264": [
        "176614"
    ], 
    "58333": [
        "188777"
    ], 
    "58717": [
        "202571"
    ], 
    "59345": [
        "141848", 
        "141849"
    ], 
    "59487": [
        "250382", 
        "250383"
    ], 
    "5980": [
        "5980", 
        "5980", 
        "5980", 
        "5980"
    ], 
    "60054": [
        "180142", 
        "180143", 
        "180146", 
        "180147", 
        "180148", 
        "180149"
    ], 
    "60333": [
        "247461", 
        "247462", 
        "247463"
    ], 
    "60905": [
        "60905"
    ], 
    "61112": [
        "301215", 
        "301216"
    ], 
    "61269": [
        "61269"
    ], 
    "619": [
        "157240", 
        "157241", 
        "157242", 
        "157243", 
        "157244", 
        "157245", 
        "157246", 
        "157247", 
        "157248", 
        "157249"
    ], 
    "62681": [
        "269732"
    ], 
    "6287": [
        "136853", 
        "136854"
    ], 
    "63660": [
        "257650", 
        "257651", 
        "257652", 
        "257653"
    ], 
    "63775": [
        "228050", 
        "228051"
    ], 
    "6412": [
        "286236", 
        "286237"
    ], 
    "6599": [
        "247466"
    ], 
    "6977": [
        "281770", 
        "281774"
    ], 
    "7383": [
        "90379"
    ], 
    "7566": [
        "7566"
    ], 
    "7646": [
        "93969"
    ], 
    "8463": [
        "132669"
    ], 
    "8800": [
        "8800"
    ], 
    "8806": [
        "8806"
    ], 
    "9442": [
        "176062", 
        "176063"
    ], 
    "9674": [
        "301211"
    ], 
    "9751": [
        "9751", 
        "9751", 
        "9751", 
        "9751"
    ], 
    "9752": [
        "9752", 
        "9752", 
        "9752"
    ], 
    "9755": [
        "9755"
    ], 
    "9978": [
        "298645"
    ]
}